,category,precision_@0.5IOU,recall_@0.5IOU
0,TUBE,1.0,1.0
1,SLIDER,1.0,0.9411764705882353
2,SEV_INF,0.9375,0.967741935483871
3,EISSTERN,0.9354838709677419,0.90625
4,ACC_AKTIV,0.8888888888888888,0.8888888888888888
5,ACC_WAITING,0.9375,0.8571428571428571
6,ACCELERATOR,0.9705882352941176,0.9166666666666666
7,CONSTRUCTION,0.9459459459459459,0.9210526315789473
8,ACC_OVER,0.8571428571428571,0.5454545454545454
9,ACCELERATOR_R,1.0,0.7
